{
  "timestamp": "2026-03-18T18:46:47.235364",
  "validation": {
    "split": "valid",
    "precision": 0.6253732997561005,
    "recall": 0.7879502633879294,
    "map50": 0.6253732997561005,
    "map50_95": 0.3528422012294795,
    "per_class_map50": {
      "nothing": 0.5272569693196612,
      "stomata": 0.9319500771073123,
      "trichome": 0.7040735537636456,
      "vein": 0.3382125988337826
    },
    "per_class_map50_95": {
      "nothing": 0.3294009158891755,
      "stomata": 0.6090488583434466,
      "trichome": 0.32934619002725807,
      "vein": 0.14357284065803783
    },
    "per_class_precision50": {
      "nothing": 0.5272569693196612,
      "stomata": 0.9319500771073123,
      "trichome": 0.7040735537636456,
      "vein": 0.3382125988337826
    },
    "per_class_recall50": {
      "nothing": 0.7247706422018348,
      "stomata": 0.9705516383243468,
      "trichome": 0.7802197802197802,
      "vein": 0.6762589928057554
    },
    "num_images": 51,
    "num_detections": 7425
  },
  "test": {
    "split": "test",
    "precision": 0.6269797374226894,
    "recall": 0.7886834120312286,
    "map50": 0.6269797374226894,
    "map50_95": 0.3502449763042835,
    "per_class_map50": {
      "nothing": 0.6234731265001576,
      "stomata": 0.9151877000437539,
      "trichome": 0.6103678952628944,
      "vein": 0.35889022788395175
    },
    "per_class_map50_95": {
      "nothing": 0.3927559504333319,
      "stomata": 0.6112024920413952,
      "trichome": 0.2564017709222036,
      "vein": 0.14061969182020334
    },
    "per_class_precision50": {
      "nothing": 0.6234731265001576,
      "stomata": 0.9151877000437539,
      "trichome": 0.6103678952628944,
      "vein": 0.35889022788395175
    },
    "per_class_recall50": {
      "nothing": 0.8109756097560976,
      "stomata": 0.9751266697374482,
      "trichome": 0.7252747252747253,
      "vein": 0.6433566433566433
    },
    "num_images": 49,
    "num_detections": 7806
  }
}