{
  "timestamp": "2026-03-18T18:37:04.904562",
  "validation": {
    "split": "valid",
    "precision": 0.3995312488036342,
    "recall": 0.6491260581916855,
    "map50": 0.3995312488036342,
    "map50_95": 0.243106621890112,
    "per_class_map50": {
      "nothing": 0.42103302912648,
      "stomata": 0.9356103189576457,
      "trichome": 0.01485148514851485,
      "vein": 0.22663016198189667
    },
    "per_class_map50_95": {
      "nothing": 0.2481818836714466,
      "stomata": 0.6238982613021117,
      "trichome": 0.002805280528052805,
      "vein": 0.09754106205883695
    },
    "per_class_precision50": {
      "nothing": 0.42103302912648,
      "stomata": 0.9356103189576457,
      "trichome": 0.01485148514851485,
      "vein": 0.22663016198189667
    },
    "per_class_recall50": {
      "nothing": 0.7522935779816514,
      "stomata": 0.9805060141020323,
      "trichome": 0.02197802197802198,
      "vein": 0.841726618705036
    },
    "num_images": 51,
    "num_detections": 15281
  },
  "test": {
    "split": "test",
    "precision": 0.39713998885565066,
    "recall": 0.6357039247447456,
    "map50": 0.39713998885565066,
    "map50_95": 0.2415194423050678,
    "per_class_map50": {
      "nothing": 0.4149482547173887,
      "stomata": 0.9312277501145403,
      "trichome": 0.0,
      "vein": 0.2423839505906735
    },
    "per_class_map50_95": {
      "nothing": 0.24421330575710348,
      "stomata": 0.6279632544258692,
      "trichome": 0.0,
      "vein": 0.09390120903729865
    },
    "per_class_precision50": {
      "nothing": 0.4149482547173887,
      "stomata": 0.9312277501145403,
      "trichome": 0.0,
      "vein": 0.2423839505906735
    },
    "per_class_recall50": {
      "nothing": 0.7621951219512195,
      "stomata": 0.9834177798249655,
      "trichome": 0.0,
      "vein": 0.7972027972027972
    },
    "num_images": 49,
    "num_detections": 14674
  }
}