{
  "timestamp": "2026-03-18T18:46:26.882781",
  "validation": {
    "split": "valid",
    "precision": 0.4509948587476945,
    "recall": 0.6860824420417931,
    "map50": 0.4509948587476945,
    "map50_95": 0.2756145762890833,
    "per_class_map50": {
      "nothing": 0.5462016102696644,
      "stomata": 0.9426901724068982,
      "trichome": 0.0297029702970297,
      "vein": 0.2853846820171858
    },
    "per_class_map50_95": {
      "nothing": 0.32948015845022766,
      "stomata": 0.6331447462527751,
      "trichome": 0.005940594059405941,
      "vein": 0.13389280639392476
    },
    "per_class_precision50": {
      "nothing": 0.5462016102696644,
      "stomata": 0.9426901724068982,
      "trichome": 0.0297029702970297,
      "vein": 0.2853846820171858
    },
    "per_class_recall50": {
      "nothing": 0.8256880733944955,
      "stomata": 0.9829946080464538,
      "trichome": 0.02197802197802198,
      "vein": 0.9136690647482014
    },
    "num_images": 51,
    "num_detections": 12994
  },
  "test": {
    "split": "test",
    "precision": 0.4536932591211376,
    "recall": 0.6612134761689311,
    "map50": 0.4536932591211376,
    "map50_95": 0.2789861660935782,
    "per_class_map50": {
      "nothing": 0.6012888054540181,
      "stomata": 0.9349906347798251,
      "trichome": 0.0,
      "vein": 0.27849359625070697
    },
    "per_class_map50_95": {
      "nothing": 0.35822811021037737,
      "stomata": 0.6354448415055947,
      "trichome": 0.0,
      "vein": 0.12227171265834075
    },
    "per_class_precision50": {
      "nothing": 0.6012888054540181,
      "stomata": 0.9349906347798251,
      "trichome": 0.0,
      "vein": 0.27849359625070697
    },
    "per_class_recall50": {
      "nothing": 0.8292682926829268,
      "stomata": 0.9834177798249655,
      "trichome": 0.0,
      "vein": 0.8321678321678322
    },
    "num_images": 49,
    "num_detections": 12899
  }
}