{
  "timestamp": "2026-03-18T18:46:04.580340",
  "validation": {
    "split": "valid",
    "precision": 0.6834296301577157,
    "recall": 0.826517257176281,
    "map50": 0.6834296301577157,
    "map50_95": 0.40024396931687306,
    "per_class_map50": {
      "nothing": 0.6101314346709941,
      "stomata": 0.9260348924471704,
      "trichome": 0.7979713184327486,
      "vein": 0.3995808750799499
    },
    "per_class_map50_95": {
      "nothing": 0.39186357868551264,
      "stomata": 0.6356974391375697,
      "trichome": 0.3853127593699452,
      "vein": 0.1881021000744652
    },
    "per_class_precision50": {
      "nothing": 0.6101314346709941,
      "stomata": 0.9260348924471704,
      "trichome": 0.7979713184327486,
      "vein": 0.3995808750799499
    },
    "per_class_recall50": {
      "nothing": 0.7889908256880734,
      "stomata": 0.9688925756947325,
      "trichome": 0.8791208791208791,
      "vein": 0.6690647482014388
    },
    "num_images": 51,
    "num_detections": 6369
  },
  "test": {
    "split": "test",
    "precision": 0.6772736106733063,
    "recall": 0.828957974258836,
    "map50": 0.6772736106733063,
    "map50_95": 0.38525819751553814,
    "per_class_map50": {
      "nothing": 0.6617720686099194,
      "stomata": 0.9162535891758792,
      "trichome": 0.7284279134171813,
      "vein": 0.4026408714902451
    },
    "per_class_map50_95": {
      "nothing": 0.42488221654444563,
      "stomata": 0.6253405127170988,
      "trichome": 0.31869044788652917,
      "vein": 0.17211961291407907
    },
    "per_class_precision50": {
      "nothing": 0.6617720686099194,
      "stomata": 0.9162535891758792,
      "trichome": 0.7284279134171813,
      "vein": 0.4026408714902451
    },
    "per_class_recall50": {
      "nothing": 0.8170731707317073,
      "stomata": 0.973284200829111,
      "trichome": 0.8681318681318682,
      "vein": 0.6573426573426573
    },
    "num_images": 49,
    "num_detections": 6514
  }
}