{
  "timestamp": "2026-03-18T18:36:42.677098",
  "validation": {
    "split": "valid",
    "precision": 0.35431804772611103,
    "recall": 0.6300182202876772,
    "map50": 0.35431804772611103,
    "map50_95": 0.2145675006773957,
    "per_class_map50": {
      "nothing": 0.27007012957521387,
      "stomata": 0.9414649667801965,
      "trichome": 0.0,
      "vein": 0.205737094549034
    },
    "per_class_map50_95": {
      "nothing": 0.14638774927001072,
      "stomata": 0.6267411952546933,
      "trichome": 0.0,
      "vein": 0.08514105818487873
    },
    "per_class_precision50": {
      "nothing": 0.27007012957521387,
      "stomata": 0.9414649667801965,
      "trichome": 0.0,
      "vein": 0.205737094549034
    },
    "per_class_recall50": {
      "nothing": 0.7064220183486238,
      "stomata": 0.9863127333056823,
      "trichome": 0.0,
      "vein": 0.8273381294964028
    },
    "num_images": 51,
    "num_detections": 14602
  },
  "test": {
    "split": "test",
    "precision": 0.3753859284404103,
    "recall": 0.6210913283445049,
    "map50": 0.3753859284404103,
    "map50_95": 0.2270064583736347,
    "per_class_map50": {
      "nothing": 0.3557885350232692,
      "stomata": 0.9309078195269888,
      "trichome": 0.0,
      "vein": 0.21484735921138345
    },
    "per_class_map50_95": {
      "nothing": 0.20219695618317157,
      "stomata": 0.6209828526147365,
      "trichome": 0.0,
      "vein": 0.08484602469663069
    },
    "per_class_precision50": {
      "nothing": 0.3557885350232692,
      "stomata": 0.9309078195269888,
      "trichome": 0.0,
      "vein": 0.21484735921138345
    },
    "per_class_recall50": {
      "nothing": 0.6646341463414634,
      "stomata": 0.987563334868724,
      "trichome": 0.0,
      "vein": 0.8321678321678322
    },
    "num_images": 49,
    "num_detections": 14306
  }
}